index,time
,0
0,20.672089
1,21.399893
2,29.441929
3,32.138832
4,34.666016
5,34.909294
6,36.692184
7,37.276985
8,37.859325
9,38.773285
10,39.404236
11,41.267757
12,45.08083
13,45.359608
14,45.53548
15,45.847557
16,46.61466
17,48.085903
18,49.84122
19,50.256306
20,50.30663
21,54.281876
22,54.517498
23,54.644653
24,55.368496
25,56.62901
26,56.869987
27,61.74918
28,63.867382
29,64.54775
30,64.90335
31,66.199524
32,66.40666
33,67.06883
34,67.9058
35,68.225746
36,72.38843
37,72.7428
38,73.95251
39,75.26699
40,76.788445
41,76.918495
42,79.10292
43,81.44647
44,87.242935
45,89.31857
46,90.44856
47,91.8971
48,93.55648
49,94.585014
50,96.03478
51,96.69995
52,96.82957
53,97.24583
54,97.27597
55,98.45955
56,99.44423
57,102.33408
58,106.22886
59,106.88139
60,107.116104
61,107.41849
62,112.53067
63,113.55283
64,114.472946
65,114.65568
66,114.83128
67,115.4504
68,115.94055
69,118.38566
70,118.75122
71,122.6416
72,122.98131
73,128.5588
74,129.14018
75,129.80893
76,133.665
77,134.7046
78,134.9934
79,139.62132
80,140.13551
81,141.72641
82,144.01215
83,145.20322
84,145.31061
85,146.222
86,146.24539
87,147.6668
88,149.13895
89,149.37756
90,149.93068
91,156.09549
92,157.3553
93,157.78773
94,159.43051
95,161.16473
96,163.91202
97,164.96742
98,165.0426
99,165.17108
100,165.51614
101,168.38661
102,169.30342
103,171.56012
104,172.80998
105,176.15074
106,176.56647
107,177.36194
108,181.79607
109,182.92273
110,183.73802
111,184.45914
112,186.66359
113,188.10175
114,192.56975
115,192.68887
116,193.97986
117,194.34012
118,194.59705
119,194.81586
120,198.31776
121,199.25372
122,202.66034
123,203.18085
124,203.24686
125,206.3454
126,208.44182
127,209.25427
128,210.30486
129,212.3972
130,212.47006
131,212.7785
132,212.88124
133,213.82433
134,216.35803
135,218.62721
136,224.64359
137,225.63223
138,226.4473
139,226.64615
140,226.64737
141,226.89868
142,227.2077
143,227.30815
144,229.52876
145,231.19339
146,231.66652
147,233.8796
148,236.39804
149,238.37341
150,238.47984
151,238.57219
152,241.14606
153,243.85753
154,246.31816
155,250.90787
156,251.14853
157,255.2347
158,256.29944
159,257.01947
160,257.72418
161,259.0467
162,259.4582
163,261.46655
164,262.70886
165,264.65033
166,264.87616
167,266.58527
168,266.89023
169,267.261
170,267.99435
171,270.97308
172,271.13162
173,271.95328
174,272.23038
175,272.94067
176,273.34024
177,275.02032
178,275.23465
179,276.82324
180,277.63745
181,278.8865
182,280.43298
183,283.3518
184,284.14514
185,284.79382
186,285.28723
187,285.7883
188,285.81775
189,286.26956
190,286.39685
191,287.47604
192,290.2897
193,292.79184
194,293.03336
195,300.14822
196,300.3264
197,301.65088
198,301.71683
199,302.0308
200,302.11432
201,302.97495
202,303.09277
203,305.12515
204,307.89722
205,311.33603
206,311.4235
207,312.27914
208,313.54428
209,315.48944
210,316.04572
211,316.25113
212,316.60187
213,317.77777
214,317.99118
215,318.15262
216,318.46442
217,318.49542
218,318.89587
219,324.4438
220,327.30664
221,327.31522
222,329.85214
223,332.5826
224,335.88498
225,336.00604
226,336.8552
227,337.02386
228,338.8564
229,339.266
230,341.2509
231,346.02322
232,346.67392
233,348.04675
234,351.24884
235,353.17645
236,355.60175
237,356.05792
238,356.13516
239,356.4322
240,357.16504
241,358.29663
242,358.35626
243,360.0552
244,363.09106
245,364.0653
246,365.8319
247,365.88397
248,367.06732
249,368.7812
250,370.46008
251,371.8336
252,372.5404
253,375.02832
254,376.44077
255,377.65738
256,377.6827
257,378.97995
258,379.34503
259,379.6134
260,380.51544
261,380.5332
262,381.68906
263,382.21683
264,384.61932
265,387.071
266,388.3429
267,390.42105
268,392.10406
269,393.592
270,394.27042
271,395.28357
272,396.3771
273,398.48438
274,400.5102
275,403.06387
276,405.34714
277,405.9059
278,408.83334
279,410.2694
280,410.50403
281,411.94217
282,412.3881
283,413.25153
284,415.14203
285,418.68173
286,422.28333
287,426.21912
288,426.89252
289,427.46613
290,427.50757
291,428.29834
292,430.46075
293,431.953
294,433.03833
295,435.13962
296,436.51608
297,436.87256
298,438.28555
299,438.59875
300,442.82208
301,442.84735
302,444.24847
303,445.4746
304,446.11417
305,446.40158
306,446.455
307,448.29865
308,449.9082
309,453.60397
310,460.47726
311,461.49557
312,467.26877
313,468.4648
314,470.368
315,472.92972
316,477.79755
317,479.42493
318,481.37823
319,482.4446
320,483.1738
321,484.38013
322,485.3068
323,485.75458
324,492.6933
325,493.3636
326,493.8339
327,495.2682
328,496.00143
329,496.53973
330,498.11087
331,499.72665
332,501.0101
333,504.50253
334,504.86038
335,505.30966
336,506.10214
337,510.1455
338,511.20932
339,512.91846
340,513.6543
341,514.59424
342,515.3416
343,517.373
344,517.923
345,518.74896
346,518.963
347,519.11163
348,520.5497
349,522.50995
350,522.79004
351,523.927
352,525.18335
353,525.4734
354,525.90564
355,527.5097
356,530.6466
357,532.5088
358,533.8695
359,535.8084
360,537.9755
361,538.59033
362,541.98676
363,542.19855
364,543.11017
365,543.36664
366,544.353
367,544.979
368,545.41437
369,545.84454
370,546.3224
371,547.7659
372,548.4826
373,554.3399
374,555.2705
375,557.2269
376,560.528
377,563.38794
378,564.56476
379,564.7865
380,565.3661
381,566.22473
382,568.6051
383,571.5025
384,572.67004
385,573.6855
386,574.5156
387,576.9545
388,580.83093
389,581.05945
390,584.99023
391,585.4044
392,588.3662
393,588.89825
394,589.05115
395,589.87964
396,590.4923
397,591.00134
398,591.6686
399,591.6838
400,593.80676
401,593.82245
402,594.07684
403,594.24493
404,595.72906
405,597.3596
406,598.17584
407,599.3824
408,600.28467
409,602.3583
410,605.4443
411,606.2748
412,606.5045
413,607.56696
414,610.04956
415,610.26776
416,612.5969
417,612.70795
418,613.9898
419,615.35333
420,615.6096
421,616.0353
422,617.5731
423,618.5944
424,620.8478
425,621.0058
426,621.57043
427,621.8383
428,621.84625
429,623.7679
430,625.05383
431,625.8021
432,626.9448
433,627.5225
434,627.60474
435,628.0622
436,630.76324
437,631.1379
438,633.74585
439,636.52246
440,637.67975
441,638.5375
442,639.2113
443,639.83673
444,640.62805
445,645.2182
446,646.1831
447,646.464
448,646.7652
449,648.97687
450,648.9822
451,648.98615
452,651.3897
453,651.8113
454,651.884
455,652.163
456,652.59863
457,653.2654
458,653.8898
459,654.6131
460,661.5226
461,661.9882
462,662.8534
463,663.40283
464,664.12885
465,664.2758
466,664.31665
467,664.7471
468,665.0546
469,666.5631
470,667.62085
471,669.90704
472,670.477
473,670.7052
474,671.23413
475,671.8896
476,672.98065
477,676.5471
478,686.6602
479,690.8825
480,691.06335
481,691.8432
482,692.00116
483,693.8009
484,696.7012
485,698.3957
486,699.17145
487,699.5043
488,701.9063
489,701.9141
490,702.59357
491,702.8816
492,704.2844
493,704.81024
494,710.987
495,711.30426
496,711.4389
497,713.64935
498,713.6781
499,713.7626
500,715.2326
501,717.56805
502,718.64
503,720.12585
504,721.2867
505,721.47156
506,723.3865
507,723.7153
508,724.2339
509,724.6701
510,725.3286
511,726.7731
512,727.02673
513,728.02954
514,728.2118
515,729.226
516,729.78986
517,730.1883
518,732.144
519,732.31165
520,733.83545
521,736.63696
522,737.20746
523,737.6153
524,737.7889
525,738.3611
526,738.4216
527,738.70953
528,739.2598
529,739.44965
530,739.6373
531,741.77954
532,746.20245
533,746.97516
534,751.25696
535,752.0286
536,752.588
537,752.7405
538,755.81445
539,756.0207
540,756.8519
541,757.57324
542,758.00494
543,759.7699
544,761.15784
545,763.56866
546,763.89355
547,764.79974
548,767.477
549,768.46234
550,769.9337
551,772.63983
552,773.8746
553,774.613
554,775.83105
555,777.3234
556,778.26685
557,778.30884
558,779.31464
559,780.2231
560,780.8617
561,786.5323
562,786.8941
563,788.6613
564,789.4202
565,789.913
566,790.93713
567,791.0081
568,791.1812
569,792.097
570,793.0583
571,793.5003
572,798.1401
573,798.5006
574,799.0329
575,800.55963
576,802.17645
577,802.7486
578,806.9363
579,807.61426
580,808.524
581,809.1217
582,809.56854
583,811.02515
584,811.9142
585,813.4157
586,814.80096
587,816.43854
588,821.1276
589,821.59985
590,822.4162
591,822.5655
592,822.9997
593,826.2067
594,826.384
595,827.7039
596,827.74854
597,828.55646
598,828.6934
599,830.52606
600,831.5207
601,833.4814
602,841.3676
603,841.5997
604,841.85205
605,843.5648
606,843.9097
607,847.85596
608,850.32623
609,853.5077
610,856.6566
611,859.9165
612,860.0126
613,860.8687
614,865.4679
615,865.48175
616,866.9116
617,867.6953
618,869.5618
619,869.71344
620,870.2659
621,870.33887
622,872.23724
623,877.85345
624,880.2025
625,883.23865
626,883.36993
627,885.162
628,885.30365
629,888.483
630,889.4365
631,890.70734
632,892.542
633,893.17804
634,901.11035
635,902.5556
636,903.83527
637,904.98505
638,906.03345
639,906.83575
640,910.60266
641,911.9787
642,912.0954
643,913.23505
644,913.7062
645,914.0687
646,915.4371
647,916.7793
648,917.25354
649,917.4315
650,918.63947
651,919.0462
652,923.9205
653,924.1392
654,924.46185
655,924.80963
656,924.8995
657,925.0292
658,928.9564
659,929.5233
660,930.5164
661,930.6745
662,930.7033
663,930.9578
664,932.8077
665,933.0291
666,935.9748
667,937.23016
668,937.9413
669,938.229
670,938.4716
671,943.4465
672,943.7521
673,944.025
674,950.2904
675,951.9891
676,952.0833
677,954.17957
678,958.60205
679,961.8165
680,964.1791
681,964.6042
682,965.05035
683,965.58606
684,968.29675
685,968.56946
686,975.2921
687,977.77606
688,979.89996
689,980.6925
690,984.7311
691,986.67975
692,991.97064
693,994.61194
694,994.7323
695,995.72064
696,998.1245
697,1000.4472
698,1000.6964
699,1001.35736
700,1004.6046
701,1005.3846
702,1007.1808
703,1009.11896
704,1014.1542
705,1016.6493
706,1020.2083
707,1022.6196
708,1024.2147
709,1025.4359
710,1027.3817
711,1029.4216
712,1029.9686
713,1030.5793
714,1030.8378
715,1032.4503
716,1032.5709
717,1032.7833
718,1035.3729
719,1037.7512
720,1038.7709
721,1042.3545
722,1042.6523
723,1043.146
724,1046.7117
725,1047.8628
726,1047.9786
727,1049.923
728,1051.2158
729,1051.8695
730,1052.0153
731,1052.3226
732,1053.6194
733,1053.8408
734,1055.8524
735,1056.1947
736,1056.9557
737,1057.3894
738,1057.6357
739,1060.1339
740,1061.4525
741,1063.8278
742,1064.1556
743,1069.9486
744,1071.1442
745,1074.5494
746,1074.9567
747,1077.0394
748,1077.159
749,1082.6556
750,1084.6686
751,1088.6295
752,1090.4191
753,1091.2542
754,1095.9125
755,1096.6456
756,1100.3955
757,1101.3333
758,1104.3011
759,1107.9883
760,1109.3066
761,1110.7625
762,1113.3829
763,1114.7289
764,1115.3276
765,1118.0607
766,1118.483
767,1118.9395
768,1119.3671
769,1120.517
770,1121.1095
771,1121.5045
772,1122.1973
773,1122.2362
774,1122.3944
775,1123.0917
776,1123.1204
777,1124.009
778,1125.6938
779,1127.2223
780,1127.7308
781,1129.6969
782,1129.749
783,1130.0872
784,1130.0994
785,1130.3546
786,1130.7668
787,1132.4199
788,1132.4231
789,1133.2454
790,1133.9261
791,1136.5345
792,1138.3152
793,1142.4193
794,1142.5526
795,1143.1842
796,1147.8706
797,1151.8057
798,1153.0891
799,1154.381
800,1155.4379
801,1156.1588
802,1158.0479
803,1158.451
804,1158.6349
805,1158.8907
806,1159.098
807,1159.7335
808,1160.068
809,1160.2618
810,1160.6248
811,1163.4573
812,1163.5238
813,1165.4663
814,1165.9867
815,1166.5813
816,1167.5746
817,1168.7778
818,1170.9287
819,1176.0586
820,1178.186
821,1178.3217
822,1179.9833
823,1180.5746
824,1180.7197
825,1185.4438
826,1187.2106
827,1190.2247
828,1190.6516
829,1191.8003
830,1193.2941
831,1195.809
832,1203.7421
833,1204.2039
834,1205.399
835,1205.7325
836,1205.7712
837,1206.8123
838,1208.8019
839,1213.4241
840,1214.0286
841,1215.4475
842,1216.8918
843,1223.1294
844,1223.5664
845,1226.5769
846,1228.7896
847,1231.516
848,1236.5583
849,1244.3477
850,1246.5353
851,1248.0277
852,1250.139
853,1250.3064
854,1250.8807
855,1251.3533
856,1252.2351
857,1252.9962
858,1259.8339
859,1260.1965
860,1260.5327
861,1261.6997
862,1262.3137
863,1266.4355
864,1266.774
865,1267.3549
866,1267.868
867,1268.4688
868,1271.6094
869,1276.5443
870,1279.2236
871,1279.7102
872,1279.8322
873,1280.1853
874,1281.9647
875,1282.3068
876,1282.8787
877,1283.6578
878,1284.6425
879,1285.2584
880,1285.3158
881,1288.4377
882,1290.8701
883,1291.2836
884,1291.681
885,1293.3429
886,1294.3804
887,1295.858
888,1296.2587
889,1297.009
890,1298.7368
891,1300.4558
892,1305.7573
893,1306.0741
894,1308.0624
895,1308.3007
896,1310.443
897,1311.684
898,1312.7134
899,1313.0027
900,1314.2822
901,1316.8212
902,1317.9547
903,1320.4232
904,1320.8832
905,1320.9774
906,1323.7366
907,1324.6791
908,1326.3108
909,1327.661
910,1328.9147
911,1333.7552
912,1335.132
913,1335.6787
914,1336.1257
915,1337.6841
916,1339.9067
917,1341.9882
918,1342.649
919,1344.4191
920,1345.0503
921,1346.1648
922,1348.2408
923,1348.8936
924,1349.7789
925,1352.4246
926,1354.0118
927,1355.6138
928,1357.1312
929,1357.7898
930,1359.5715
931,1361.9259
932,1362.1437
933,1363.6501
934,1363.7015
935,1364.0391
936,1367.8302
937,1368.4281
938,1371.254
939,1373.8539
940,1374.5287
941,1376.0903
942,1377.4811
943,1378.3291
944,1380.824
945,1381.3431
946,1381.711
947,1383.6594
948,1384.4413
949,1384.6964
950,1385.7872
951,1386.535
952,1387.8741
953,1391.2621
954,1393.3804
955,1396.1273
956,1396.8737
957,1397.5812
958,1399.0687
959,1399.1218
960,1400.1418
961,1402.5518
962,1404.0527
963,1405.8271
964,1406.3256
965,1406.5175
966,1409.3369
967,1411.9203
968,1412.4996
969,1412.5576
970,1421.2574
971,1421.6694
972,1426.4708
973,1426.6036
974,1427.8397
975,1427.8602
976,1428.7292
977,1429.0826
978,1433.0293
979,1438.0183
980,1439.9829
981,1441.4662
982,1443.5988
983,1445.0057
984,1445.8098
985,1447.9606
986,1448.167
987,1448.3722
988,1448.5585
989,1449.9839
990,1453.7369
991,1453.9135
992,1454.5463
993,1456.3384
994,1456.3906
995,1456.4264
996,1459.7296
997,1459.738
998,1462.5012
999,1464.7644
1000,1468.552
1001,1474.6091
1002,1475.0751
1003,1478.0408
1004,1480.5303
1005,1483.1432
1006,1486.7145
1007,1487.0598
1008,1489.0535
1009,1494.7773
1010,1495.6659
1011,1498.4186
1012,1499.2395
1013,1500.5205
1014,1501.8942
1015,1502.3593
1016,1502.673
1017,1505.6317
1018,1506.4847
1019,1506.508
1020,1506.6387
1021,1508.1089
1022,1508.5603
1023,1508.7792
1024,1511.1102
1025,1512.8016
1026,1514.0181
1027,1514.4689
1028,1514.6549
1029,1517.4026
1030,1517.9259
1031,1522.2396
1032,1522.2623
1033,1523.1559
1034,1523.1758
1035,1523.7249
1036,1524.2756
1037,1527.885
1038,1528.6675
1039,1529.2026
1040,1530.2394
1041,1532.7836
1042,1534.2084
1043,1534.521
1044,1538.4148
1045,1539.4249
1046,1540.5625
1047,1547.187
1048,1548.9822
1049,1549.023
1050,1550.5205
1051,1554.0856
1052,1555.7694
1053,1556.4528
1054,1560.2015
1055,1561.1832
1056,1563.747
1057,1564.576
1058,1569.407
1059,1569.5316
1060,1570.1473
1061,1570.1738
1062,1570.696
1063,1570.8485
1064,1571.0964
1065,1572.5448
1066,1573.9435
1067,1575.2699
1068,1575.5466
1069,1576.2538
1070,1577.7633
1071,1578.1008
1072,1578.1338
1073,1578.2227
1074,1579.1289
1075,1582.5151
1076,1584.0566
1077,1586.014
1078,1588.1583
1079,1588.743
1080,1596.2816
1081,1596.5597
1082,1599.2621
1083,1600.0795
1084,1601.5653
1085,1603.6263
1086,1605.8854
1087,1605.9657
1088,1606.6448
1089,1607.9023
1090,1609.822
1091,1611.405
1092,1612.213
1093,1613.2648
1094,1615.5903
1095,1621.4769
1096,1622.4685
1097,1626.8512
1098,1627.5789
1099,1629.9673
1100,1630.2593
1101,1632.8479
1102,1634.8771
1103,1635.6936
1104,1637.4535
1105,1637.8812
1106,1642.699
1107,1644.4017
1108,1645.2653
1109,1645.4731
1110,1646.8914
1111,1647.956
1112,1648.1846
1113,1648.6362
1114,1649.1023
1115,1650.2567
1116,1651.4631
1117,1652.9849
1118,1653.9705
1119,1654.1124
1120,1654.5632
1121,1657.647
1122,1657.7648
1123,1657.9753
1124,1665.944
1125,1665.9774
1126,1669.01
1127,1670.2946
1128,1671.0134
1129,1671.1644
1130,1672.3627
1131,1676.5969
1132,1676.6693
1133,1678.2849
1134,1678.2853
1135,1683.008
1136,1685.5588
1137,1687.1571
1138,1691.4314
1139,1695.2543
1140,1696.9414
1141,1702.2539
1142,1704.589
1143,1706.6909
1144,1707.0726
1145,1711.2422
1146,1711.9384
1147,1712.2463
1148,1714.505
1149,1717.4873
1150,1719.1202
1151,1719.9597
1152,1720.3452
1153,1720.5612
1154,1721.1434
1155,1721.6147
1156,1722.4879
1157,1727.864
1158,1730.9136
1159,1731.8907
1160,1733.5302
1161,1734.0687
1162,1734.4142
1163,1737.9427
1164,1738.0479
1165,1739.3898
1166,1744.2999
1167,1744.534
1168,1745.8074
1169,1746.3693
1170,1747.7086
1171,1751.0325
1172,1751.9241
1173,1752.3928
1174,1752.5671
1175,1754.5615
1176,1755.5317
1177,1758.04
1178,1759.5824
1179,1760.1671
1180,1761.2794
1181,1763.0958
1182,1763.6676
1183,1763.988
1184,1764.5735
1185,1767.5498
1186,1770.8582
1187,1771.2678
1188,1772.5696
1189,1773.6001
1190,1775.7333
1191,1776.6312
1192,1778.1775
1193,1778.5159
1194,1780.2826
1195,1780.9889
1196,1781.7168
1197,1787.5874
1198,1788.0161
1199,1789.9999
1200,1798.6584
1201,1802.1349
1202,1808.8276
1203,1810.2513
1204,1810.931
1205,1814.1711
1206,1815.5366
1207,1818.453
1208,1821.909
1209,1824.9406
1210,1825.5509
1211,1826.3549
1212,1828.2694
1213,1832.2201
1214,1837.6412
1215,1840.9645
1216,1841.7556
1217,1842.2871
1218,1843.1022
1219,1843.9604
1220,1845.0514
1221,1845.5654
1222,1846.2935
1223,1861.0581
1224,1865.6222
1225,1868.1403
1226,1871.5427
1227,1875.3123
1228,1876.046
1229,1876.3998
1230,1878.211
1231,1878.397
1232,1880.5046
1233,1882.0992
1234,1882.7058
1235,1883.0703
1236,1883.2129
1237,1883.7432
1238,1885.3596
1239,1897.0464
1240,1897.4515
1241,1898.3031
1242,1899.5957
1243,1899.6951
1244,1900.4283
1245,1902.7301
1246,1903.5186
1247,1905.2134
1248,1909.2352
1249,1909.8049
1250,1913.3757
1251,1913.8588
1252,1914.6713
1253,1915.5763
1254,1916.6428
1255,1917.0068
1256,1918.0208
1257,1918.3895
1258,1918.4688
1259,1919.0371
1260,1919.7057
1261,1921.6074
1262,1922.7723
1263,1923.775
1264,1926.6567
1265,1926.8987
1266,1927.9048
1267,1928.032
1268,1930.8738
1269,1931.4409
1270,1932.1677
1271,1932.4196
1272,1932.5939
1273,1933.6836
1274,1934.2617
1275,1934.3076
1276,1940.363
1277,1943.2721
1278,1943.6919
1279,1944.6881
1280,1946.0205
1281,1946.8009
1282,1947.5804
1283,1949.2393
1284,1949.2719
1285,1951.8589
1286,1952.1218
1287,1952.877
1288,1953.1682
1289,1954.5988
1290,1958.316
1291,1961.2743
1292,1961.976
1293,1962.8938
1294,1963.6866
1295,1964.7303
1296,1964.9471
1297,1966.9713
1298,1967.1417
1299,1967.3071
1300,1968.1946
1301,1969.766
1302,1969.831
1303,1977.766
1304,1977.96
1305,1978.4872
1306,1979.0608
1307,1979.7272
1308,1984.5868
1309,1985.3076
1310,1985.8297
1311,1988.2527
1312,1988.98
1313,1989.5115
1314,1991.4089
1315,1994.8975
1316,1994.919
1317,1996.5807
1318,1996.5948
1319,1997.2849
1320,1997.5953
1321,2002.3942
1322,2009.0338
1323,2009.5101
1324,2013.872
1325,2014.0905
1326,2015.1063
1327,2015.3013
1328,2015.4781
1329,2018.3975
1330,2018.6626
1331,2019.473
1332,2020.3048
1333,2020.5013
1334,2020.599
1335,2020.7494
1336,2021.6492
1337,2023.3839
1338,2023.5509
1339,2025.4286
1340,2030.6129
1341,2032.4452
1342,2035.2484
1343,2035.3534
1344,2037.3151
1345,2037.5613
1346,2038.0873
1347,2038.4958
1348,2039.1302
1349,2039.7054
1350,2040.1646
1351,2040.9222
1352,2041.9669
1353,2042.4895
1354,2043.0352
1355,2044.0001
1356,2044.9818
1357,2046.1498
1358,2047.9791
1359,2048.177
1360,2050.7112
1361,2052.5308
1362,2054.7053
1363,2055.2356
1364,2057.3496
1365,2057.906
1366,2065.0366
1367,2066.8638
1368,2070.3928
1369,2072.7676
1370,2077.105
1371,2078.4062
1372,2080.698
1373,2080.9238
1374,2081.4106
1375,2081.7925
1376,2081.914
1377,2086.4155
1378,2086.4233
1379,2089.5593
1380,2090.1533
1381,2092.3743
1382,2092.8086
1383,2093.3508
1384,2093.7246
1385,2095.1843
1386,2095.2058
1387,2095.2979
1388,2095.6038
1389,2097.5513
1390,2098.009
1391,2098.6567
1392,2099.6108
1393,2100.559
1394,2102.105
1395,2102.7615
1396,2104.2327
1397,2105.0364
1398,2108.4888
1399,2112.8406
1400,2113.716
1401,2114.911
1402,2116.4473
1403,2117.4387
1404,2118.8757
1405,2120.124
1406,2120.7703
1407,2121.886
1408,2122.5583
1409,2123.3445
1410,2124.434
1411,2126.9495
1412,2128.3882
1413,2130.244
1414,2132.022
1415,2132.7393
1416,2133.7764
1417,2137.1934
1418,2137.9663
1419,2139.8682
1420,2141.0977
1421,2141.18
1422,2142.8418
1423,2144.5166
1424,2146.1665
1425,2148.5115
1426,2150.069
1427,2151.9023
1428,2153.7166
1429,2153.854
1430,2156.2722
1431,2158.9663
1432,2162.8735
1433,2163.387
1434,2169.6587
1435,2172.1643
1436,2172.8315
1437,2175.3665
1438,2182.8188
1439,2183.8833
1440,2192.6199
1441,2193.3652
1442,2193.4653
1443,2195.6687
1444,2198.7468
1445,2200.189
1446,2202.1233
1447,2206.364
1448,2206.5173
1449,2206.9507
1450,2207.6267
1451,2209.3325
1452,2209.9526
1453,2210.133
1454,2210.3047
1455,2212.444
1456,2216.8896
1457,2219.2517
1458,2219.5833
1459,2221.2231
1460,2221.4412
1461,2222.4456
1462,2222.6333
1463,2224.2656
1464,2231.3743
1465,2231.601
1466,2236.5396
1467,2237.0237
1468,2240.8462
1469,2241.9163
1470,2244.6707
1471,2246.2168
1472,2247.4246
1473,2248.1763
1474,2248.4448
1475,2249.6008
1476,2250.963
1477,2251.4302
1478,2254.5178
1479,2256.4778
1480,2256.9563
1481,2257.3733
1482,2257.7378
1483,2258.1436
1484,2261.2668
1485,2261.916
1486,2262.6892
1487,2262.7664
1488,2263.153
1489,2265.3965
1490,2266.4595
1491,2270.1091
1492,2271.0728
1493,2271.2288
1494,2272.1804
1495,2277.249
1496,2279.7834
1497,2280.6528
1498,2280.8684
1499,2282.024
1500,2282.38
1501,2286.7983
1502,2287.4082
1503,2292.948
1504,2294.6736
1505,2294.9568
1506,2295.8977
1507,2299.0444
1508,2299.2483
1509,2301.0664
1510,2303.113
1511,2310.9797
1512,2313.0447
1513,2316.7542
1514,2319.6409
1515,2320.1177
1516,2320.2625
1517,2321.1475
1518,2322.5205
1519,2323.518
1520,2325.1267
1521,2325.2085
1522,2327.0168
1523,2327.9922
1524,2329.4578
1525,2329.9624
1526,2334.4678
1527,2338.4502
1528,2339.1833
1529,2341.1392
1530,2342.7456
1531,2349.787
1532,2351.985
1533,2353.9546
1534,2354.6287
1535,2354.7314
1536,2362.7173
1537,2363.9136
1538,2364.5825
1539,2366.4568
1540,2368.1396
1541,2368.4746
1542,2368.684
1543,2370.2556
1544,2371.0916
1545,2373.963
1546,2374.2683
1547,2375.6577
1548,2377.589
1549,2378.393
1550,2381.3076
1551,2381.8242
1552,2383.4375
1553,2385.1208
1554,2385.843
1555,2386.6418
1556,2387.8962
1557,2391.0422
1558,2395.0671
1559,2397.6865
1560,2398.1929
1561,2398.7021
1562,2400.7354
1563,2406.6284
1564,2406.9038
1565,2407.1047
1566,2411.3945
1567,2414.3958
1568,2418.5327
1569,2420.3552
1570,2421.745
1571,2421.8162
1572,2422.0295
1573,2422.4253
1574,2424.857
1575,2429.4565
1576,2431.0781
1577,2431.4412
1578,2431.8245
1579,2432.2637
1580,2433.0588
1581,2433.1682
1582,2434.2358
1583,2435.1375
1584,2439.5432
1585,2439.6858
1586,2440.557
1587,2441.7283
1588,2442.2788
1589,2446.6401
1590,2447.681
1591,2448.8035
1592,2449.4204
1593,2450.1917
1594,2451.1382
1595,2451.2012
1596,2451.8164
1597,2451.9092
1598,2452.4717
1599,2454.889
1600,2456.592
1601,2460.3838
1602,2463.1892
1603,2469.038
1604,2469.9963
1605,2470.0298
1606,2470.6362
1607,2472.438
1608,2474.6152
1609,2475.8696
1610,2475.8958
1611,2476.4749
1612,2480.9973
1613,2481.2292
1614,2482.8738
1615,2483.1506
1616,2483.6807
1617,2485.7278
1618,2487.944
1619,2488.7947
1620,2493.426
1621,2495.4653
1622,2497.0144
1623,2497.1274
1624,2498.3037
1625,2499.394
1626,2500.4773
1627,2500.9722
1628,2501.5645
1629,2503.7617
1630,2505.3005
1631,2507.1707
1632,2507.359
1633,2507.4978
1634,2507.6165
1635,2508.5254
1636,2509.1091
1637,2510.5166
1638,2510.871
1639,2510.8845
1640,2514.0154
1641,2514.0857
1642,2518.297
1643,2518.7996
1644,2520.3975
1645,2525.6182
1646,2525.948
1647,2526.5266
1648,2527.7268
1649,2527.7625
1650,2528.6313
1651,2530.01
1652,2536.1794
1653,2537.378
1654,2539.9905
1655,2542.0447
1656,2546.7407
1657,2548.214
1658,2548.2896
1659,2549.475
1660,2550.6648
1661,2551.196
1662,2551.9495
1663,2554.3665
1664,2556.899
1665,2557.255
1666,2558.1067
1667,2558.9304
1668,2561.1936
1669,2562.1968
1670,2562.7231
1671,2564.9536
1672,2567.88
1673,2570.4717
1674,2571.646
1675,2572.601
1676,2574.5051
1677,2575.6277
1678,2582.8052
1679,2583.6104
1680,2584.031
1681,2586.8909
1682,2587.893
1683,2587.9043
1684,2587.9294
1685,2587.9517
1686,2588.1802
1687,2588.5818
1688,2589.9631
1689,2594.3901
1690,2596.696
1691,2599.0376
1692,2601.2537
1693,2603.5576
1694,2606.7922
1695,2608.3855
1696,2610.2354
1697,2610.5908
1698,2612.9697
1699,2613.2122
1700,2614.1982
1701,2614.266
1702,2615.3396
1703,2616.7107
1704,2618.0503
1705,2619.2312
1706,2619.9482
1707,2620.9954
1708,2623.2012
1709,2623.3555
1710,2626.3303
1711,2627.2239
1712,2627.7651
1713,2627.8591
1714,2629.433
1715,2630.8804
1716,2632.5212
1717,2633.909
1718,2633.9329
1719,2634.169
1720,2634.4688
1721,2636.2097
1722,2637.4155
1723,2637.541
1724,2640.7917
1725,2642.6443
1726,2644.92
1727,2646.9077
1728,2647.694
1729,2648.5828
1730,2649.0938
1731,2649.5713
1732,2650.3655
1733,2652.0166
1734,2652.605
1735,2654.0884
1736,2656.0547
1737,2656.5625
1738,2658.934
1739,2663.8232
1740,2664.1575
1741,2666.3032
1742,2666.5264
1743,2674.1057
1744,2675.412
1745,2679.5413
1746,2679.6536
1747,2680.7852
1748,2682.33
1749,2684.709
1750,2687.9995
1751,2688.2253
1752,2689.3723
1753,2689.8452
1754,2690.5747
1755,2694.0894
1756,2697.966
1757,2699.1836
1758,2702.4517
1759,2702.5793
1760,2704.3782
1761,2707.5176
1762,2708.599
1763,2708.9487
1764,2711.258
1765,2711.554
1766,2712.3845
1767,2712.4514
1768,2715.4375
1769,2717.721
1770,2718.6238
1771,2719.3892
1772,2726.91
1773,2727.3718
1774,2728.2954
1775,2730.9634
1776,2731.093
1777,2731.901
1778,2732.0518
1779,2732.3882
1780,2732.5447
1781,2734.4536
1782,2736.2751
1783,2736.894
1784,2739.0999
1785,2744.0503
1786,2745.5032
1787,2745.56
1788,2746.8652
1789,2749.9927
1790,2750.7854
1791,2753.5056
1792,2753.744
1793,2753.8513
1794,2754.8303
1795,2756.8918
1796,2757.3467
1797,2758.5422
1798,2759.0273
1799,2763.916
1800,2764.257
1801,2765.4888
1802,2766.7456
1803,2770.9973
1804,2771.8171
1805,2773.6782
1806,2774.9548
1807,2776.1736
1808,2776.7017
1809,2777.6812
1810,2778.1433
1811,2784.7996
1812,2790.977
1813,2791.3098
1814,2791.4163
1815,2792.8386
1816,2794.2742
1817,2794.5896
1818,2795.0603
1819,2795.1702
1820,2796.1365
1821,2800.1553
1822,2800.1614
1823,2800.4607
1824,2800.669
1825,2801.394
1826,2805.2402
1827,2807.82
1828,2810.3071
1829,2812.0945
1830,2813.2544
1831,2816.7612
1832,2818.3962
1833,2821.2874
1834,2822.4832
1835,2822.639
1836,2829.4067
1837,2829.907
1838,2831.6064
1839,2834.6592
1840,2845.5532
1841,2848.4604
1842,2850.787
1843,2851.1257
1844,2852.8506
1845,2856.7239
1846,2856.9033
1847,2860.67
1848,2861.344
1849,2864.1772
1850,2866.1848
1851,2867.656
1852,2870.7583
1853,2870.7834
1854,2872.2295
1855,2878.176
1856,2881.7349
1857,2882.4797
1858,2885.206
1859,2890.587
1860,2892.0894
1861,2894.24
1862,2894.6934
1863,2897.484
1864,2898.1074
1865,2903.7705
1866,2912.0579
1867,2912.839
1868,2917.0532
1869,2918.6973
1870,2918.955
1871,2918.967
1872,2919.4895
1873,2921.1587
1874,2921.3672
1875,2928.4648
1876,2934.7036
1877,2941.6028
1878,2942.048
1879,2943.3018
1880,2944.1924
1881,2944.3254
1882,2947.8398
1883,2947.9653
1884,2957.0835
1885,2957.7944
1886,2957.9602
1887,2964.2961
1888,2965.2637
1889,2968.668
1890,2970.599
1891,2973.6553
1892,2973.975
1893,2977.3435
1894,2978.8357
1895,2979.6204
1896,2982.6545
1897,2984.7625
1898,2987.6365
1899,2988.3694
1900,2993.8396
1901,2995.2244
1902,2995.6848
1903,2998.9905
1904,3000.1753
1905,3000.6812
1906,3001.6511
1907,3001.9548
1908,3002.5276
1909,3003.159
1910,3007.187
1911,3009.307
1912,3009.3445
1913,3010.2732
1914,3014.127
1915,3018.6538
1916,3023.1956
1917,3027.9949
1918,3028.4436
1919,3030.4468
1920,3032.7217
1921,3032.9336
1922,3033.2715
1923,3037.1675
1924,3037.753
1925,3038.5432
1926,3040.3223
1927,3042.3047
1928,3042.5234
1929,3043.208
1930,3043.7764
1931,3044.216
1932,3047.353
1933,3049.1584
1934,3049.2617
1935,3050.0432
1936,3052.7424
1937,3055.9346
1938,3057.2722
1939,3062.2158
1940,3062.3293
1941,3063.6619
1942,3063.7368
1943,3068.4255
1944,3069.2097
1945,3069.5696
1946,3073.5085
1947,3077.0354
1948,3078.2092
1949,3083.112
1950,3085.8474
1951,3085.8674
1952,3086.057
1953,3087.2205
1954,3089.8054
1955,3089.952
1956,3090.2075
1957,3091.204
1958,3091.4321
1959,3092.52
1960,3093.1753
1961,3094.3528
1962,3094.4255
1963,3096.637
1964,3100.6755
1965,3102.5342
1966,3106.4836
1967,3108.8574
1968,3110.3582
1969,3111.686
1970,3111.8577
1971,3113.595
1972,3113.6409
1973,3114.6199
1974,3115.2932
1975,3115.9927
1976,3116.4424
1977,3117.496
1978,3117.5881
1979,3117.7854
1980,3120.2654
1981,3121.26
1982,3124.4363
1983,3127.2537
1984,3128.781
1985,3131.8289
1986,3133.0925
1987,3133.423
1988,3134.6677
1989,3137.2024
1990,3139.7903
1991,3141.6345
1992,3145.576
1993,3146.1555
1994,3147.0989
1995,3148.2898
1996,3149.483
1997,3149.718
1998,3150.0002
1999,3152.5754
2000,3153.157
2001,3154.782
2002,3155.3696
2003,3155.9668
2004,3155.9714
2005,3159.6758
2006,3159.7166
2007,3161.5347
2008,3162.7563
2009,3165.3562
2010,3166.4058
2011,3177.165
2012,3179.877
2013,3181.306
2014,3183.0293
2015,3191.2114
2016,3191.8496
2017,3192.066
2018,3193.5461
2019,3195.3608
2020,3201.172
2021,3203.5698
2022,3204.4072
2023,3209.2307
2024,3210.296
2025,3210.997
2026,3218.009
2027,3218.531
2028,3218.8323
2029,3218.8374
2030,3220.0322
2031,3221.6025
2032,3223.7432
2033,3226.7222
2034,3228.7532
2035,3229.4336
2036,3233.103
2037,3234.731
2038,3237.207
2039,3241.1106
2040,3242.933
2041,3249.3904
2042,3251.9568
2043,3252.3123
2044,3253.6716
2045,3254.991
2046,3261.135
2047,3261.708
2048,3262.006
2049,3262.1814
2050,3271.659
2051,3273.4644
2052,3274.9214
2053,3276.9307
2054,3277.1619
2055,3277.6023
2056,3281.6116
2057,3283.6375
2058,3284.8677
2059,3290.6772
2060,3298.6428
2061,3300.906
2062,3306.1204
2063,3308.431
2064,3313.044
2065,3314.469
2066,3315.108
2067,3316.37
2068,3316.4524
2069,3319.1318
2070,3321.1753
2071,3323.774
2072,3326.3464
2073,3327.356
2074,3327.6287
2075,3328.0935
2076,3329.8164
2077,3331.4878
2078,3336.9216
2079,3340.502
2080,3342.1265
2081,3344.1138
2082,3348.4343
2083,3349.416
2084,3353.5972
2085,3356.08
2086,3357.4343
2087,3357.9736
2088,3359.1746
2089,3361.0461
2090,3365.5933
2091,3366.6814
2092,3367.3608
2093,3367.467
2094,3368.367
2095,3369.5464
2096,3370.3735
2097,3370.5024
2098,3370.726
2099,3376.4453
2100,3376.8843
2101,3377.074
2102,3380.6282
2103,3382.7798
2104,3383.7012
2105,3389.1013
2106,3389.7087
2107,3392.525
2108,3393.3042
2109,3396.075
2110,3396.5132
2111,3397.6267
2112,3400.4177
2113,3402.453
2114,3403.4346
2115,3404.4583
2116,3405.8032
2117,3406.0654
2118,3406.409
2119,3418.3125
2120,3427.4192
2121,3431.2297
2122,3433.678
2123,3435.6145
2124,3437.4883
2125,3438.5938
2126,3439.2932
2127,3440.9326
2128,3441.8982
2129,3443.6816
2130,3445.5679
2131,3447.0413
2132,3448.094
2133,3448.59
2134,3454.088
2135,3454.7722
2136,3457.917
2137,3460.303
2138,3464.4019
2139,3465.9382
2140,3471.5483
2141,3471.6917
2142,3472.94
2143,3473.5447
2144,3478.5437
2145,3480.511
2146,3480.7612
2147,3480.9343
2148,3481.9304
2149,3484.3208
2150,3485.0974
2151,3486.8713
2152,3488.7354
2153,3493.1724
2154,3495.253
2155,3498.088
2156,3508.6887
2157,3510.2703
2158,3511.001
2159,3511.6714
2160,3512.4656
2161,3512.5598
2162,3512.7168
2163,3513.4172
2164,3513.855
2165,3514.98
2166,3520.044
2167,3520.1965
2168,3523.8235
2169,3524.091
2170,3525.0977
2171,3527.0588
2172,3529.5146
2173,3530.452
2174,3537.0818
2175,3538.2788
2176,3538.3748
2177,3540.838
2178,3541.9683
2179,3546.2217
2180,3547.398
2181,3549.8452
2182,3550.6042
2183,3552.0789
2184,3552.189
2185,3552.8674
2186,3555.1108
2187,3556.3325
2188,3558.0366
2189,3558.3289
2190,3560.1123
2191,3566.166
2192,3567.809
2193,3569.4297
2194,3569.5234
2195,3571.5037
2196,3576.1318
2197,3576.4844
2198,3578.455
2199,3583.0518
2200,3583.397
2201,3587.694
2202,3589.9255
2203,3591.294
2204,3591.7048
2205,3593.4373
2206,3593.6614
2207,3593.7954
2208,3598.3577
2209,3598.5886
2210,3598.7478
2211,3600.8364
2212,3606.3792
2213,3607.1362
2214,3607.5513
2215,3608.229
2216,3608.71
2217,3613.3887
2218,3613.9473
2219,3616.0537
2220,3617.9387
2221,3622.3992
2222,3623.3298
2223,3624.8616
2224,3628.2742
2225,3628.8232
2226,3629.3218
2227,3630.6196
2228,3630.816
2229,3631.3247
2230,3632.9412
2231,3636.0417
2232,3636.3662
2233,3640.5881
2234,3642.9597
2235,3646.8115
2236,3649.4062
2237,3651.2544
2238,3655.8025
2239,3656.5002
2240,3656.72
2241,3659.8577
2242,3660.1216
2243,3661.3735
2244,3663.4197
2245,3665.3777
2246,3667.0059
2247,3672.8835
2248,3676.406
2249,3679.013
2250,3679.9873
2251,3681.1772
2252,3681.4253
2253,3682.0583
2254,3682.4355
2255,3685.2427
2256,3685.2583
2257,3687.118
2258,3701.3027
2259,3702.142
2260,3704.3347
2261,3704.8022
2262,3708.6443
2263,3709.7197
2264,3710.5283
2265,3711.382
2266,3714.8076
2267,3717.2224
2268,3718.1301
2269,3718.509
2270,3728.615
2271,3733.3054
2272,3735.2856
2273,3736.4368
2274,3740.4792
2275,3749.7239
2276,3752.5798
2277,3752.8223
2278,3760.1445
2279,3768.8535
2280,3769.4707
2281,3770.8481
2282,3773.061
2283,3773.829
2284,3774.1821
2285,3788.601
2286,3789.073
2287,3790.258
2288,3791.0635
2289,3792.0872
2290,3794.2256
2291,3795.5234
2292,3796.4275
2293,3797.6062
2294,3798.4895
2295,3799.5032
2296,3800.9453
2297,3802.228
2298,3802.3801
2299,3803.368
2300,3808.892
2301,3810.8816
2302,3813.4302
2303,3813.4558
2304,3815.7356
2305,3815.9263
2306,3820.8772
2307,3821.37
2308,3824.175
2309,3825.4597
2310,3825.472
2311,3826.1377
2312,3830.3264
2313,3831.7383
2314,3832.062
2315,3834.8281
2316,3835.428
2317,3837.7642
2318,3842.6917
2319,3847.3064
2320,3850.3838
2321,3850.9597
2322,3851.23
2323,3852.1519
2324,3852.3408
2325,3852.3613
2326,3852.5254
2327,3853.4277
2328,3854.8635
2329,3855.352
2330,3860.3235
2331,3860.4434
2332,3862.7495
2333,3865.262
2334,3866.334
2335,3867.6677
2336,3871.6497
2337,3871.69
2338,3879.9834
2339,3881.3984
2340,3881.805
2341,3889.279
2342,3890.588
2343,3894.0867
2344,3896.1243
2345,3896.5586
2346,3896.5627
2347,3900.9175
2348,3903.8552
2349,3905.0771
2350,3906.4382
2351,3906.5483
2352,3911.589
2353,3913.43
2354,3916.0212
2355,3916.113
2356,3917.695
2357,3920.238
2358,3927.416
2359,3928.4556
2360,3930.7573
2361,3935.6204
2362,3936.5835
2363,3936.6465
2364,3936.9368
2365,3939.6116
2366,3944.8987
2367,3948.2383
2368,3954.3801
2369,3955.5513
2370,3956.159
2371,3957.8164
2372,3957.8345
2373,3958.875
2374,3962.1094
2375,3963.866
2376,3965.5217
2377,3972.4792
2378,3976.895
2379,3985.6143
2380,3988.6553
2381,3991.6255
2382,3992.3027
2383,4000.534
2384,4000.548
2385,4000.8354
2386,4002.7988
2387,4003.2893
2388,4005.1853
2389,4005.6792
2390,4006.164
2391,4010.7139
2392,4011.2026
2393,4016.1086
2394,4022.0564
2395,4022.2021
2396,4024.0525
2397,4024.1973
2398,4025.5413
2399,4025.9404
2400,4027.5552
2401,4029.2144
2402,4037.7502
2403,4042.4307
2404,4043.2317
2405,4055.7893
2406,4057.4478
2407,4057.5042
2408,4057.6982
2409,4060.7756
2410,4066.2268
2411,4066.3662
2412,4069.536
2413,4069.646
2414,4073.9075
2415,4074.097
2416,4076.3408
2417,4081.1284
2418,4081.815
2419,4083.5369
2420,4085.6655
2421,4088.3845
2422,4090.98
2423,4091.0383
2424,4091.6648
2425,4094.8596
2426,4098.897
2427,4100.8516
2428,4101.0415
2429,4105.1504
2430,4117.1206
2431,4121.5303
2432,4123.464
2433,4123.4873
2434,4130.388
2435,4131.284
2436,4136.4404
2437,4142.1787
2438,4144.7007
2439,4146.184
2440,4151.4043
2441,4161.8677
2442,4168.2827
2443,4168.295
2444,4171.2407
2445,4171.3833
2446,4172.324
2447,4175.72
2448,4178.064
2449,4181.415
2450,4184.1187
2451,4184.4204
2452,4187.4297
2453,4188.524
2454,4188.8
2455,4189.999
2456,4195.606
2457,4198.1133
2458,4200.1235
2459,4200.138
2460,4203.788
2461,4205.0317
2462,4206.717
2463,4207.9297
2464,4208.097
2465,4208.218
2466,4212.884
2467,4213.8066
2468,4214.3994
2469,4222.6636
2470,4225.725
2471,4229.072
2472,4233.056
2473,4235.6777
2474,4237.8145
2475,4247.7817
2476,4250.061
2477,4250.251
2478,4254.9883
2479,4257.5483
2480,4257.913
2481,4259.747
2482,4260.4424
2483,4262.3174
2484,4262.988
2485,4272.057
2486,4272.075
2487,4272.477
2488,4272.5664
2489,4275.111
2490,4279.189
2491,4284.797
2492,4295.957
2493,4296.6016
2494,4298.0244
2495,4299.126
2496,4301.129
2497,4303.638
2498,4305.445
2499,4309.87
2500,4311.225
2501,4318.1377
2502,4319.565
2503,4323.3384
2504,4323.639
2505,4324.333
2506,4329.8057
2507,4330.725
2508,4330.748
2509,4332.585
2510,4336.865
2511,4340.09
2512,4340.7153
2513,4343.591
2514,4345.3394
2515,4360.741
2516,4365.303
2517,4368.329
2518,4370.745
2519,4371.5986
2520,4371.876
2521,4376.5625
2522,4377.2686
2523,4378.1875
2524,4378.294
2525,4380.442
2526,4390.0312
2527,4390.0757
2528,4392.7246
2529,4396.6
2530,4397.1685
2531,4400.0806
2532,4400.73
2533,4403.111
2534,4405.8315
2535,4407.463
2536,4408.317
2537,4408.9907
2538,4409.2227
2539,4409.422
2540,4413.2554
2541,4420.189
2542,4420.7856
2543,4421.693
2544,4428.566
2545,4430.5474
2546,4432.1035
2547,4433.471
2548,4434.7783
2549,4435.3984
2550,4438.622
2551,4446.401
2552,4450.524
2553,4453.0845
2554,4453.4746
2555,4455.6987
2556,4456.638
2557,4459.417
2558,4461.0303
2559,4463.9746
2560,4464.2734
2561,4466.617
2562,4468.2183
2563,4476.1924
2564,4477.0254
2565,4478.5845
2566,4485.3784
2567,4488.8545
2568,4489.919
2569,4492.2285
2570,4492.2847
2571,4492.6777
2572,4497.5737
2573,4500.0586
2574,4502.785
2575,4504.583
2576,4506.9263
2577,4519.5493
2578,4521.7915
2579,4524.3833
2580,4530.1504
2581,4536.1074
2582,4537.5093
2583,4537.97
2584,4542.031
2585,4546.29
2586,4547.258
2587,4547.8135
2588,4548.0195
2589,4550.938
2590,4551.35
2591,4552.051
2592,4556.463
2593,4564.383
2594,4566.835
2595,4566.909
2596,4571.7627
2597,4575.8633
2598,4578.2915
2599,4582.497
2600,4586.5664
2601,4588.442
2602,4595.542
2603,4596.1626
2604,4601.247
2605,4602.2573
2606,4606.685
2607,4611.4375
2608,4620.0454
2609,4621.162
2610,4623.0005
2611,4623.69
2612,4624.968
2613,4632.779
2614,4634.399
2615,4635.046
2616,4640.1973
2617,4641.801
2618,4643.534
2619,4644.8237
2620,4644.8716
2621,4645.7993
2622,4654.719
2623,4655.881
2624,4657.077
2625,4658.319
2626,4664.8633
2627,4665.7983
2628,4666.282
2629,4666.9785
2630,4669.448
2631,4673.669
2632,4674.4575
2633,4674.5166
2634,4679.3774
2635,4679.403
2636,4679.458
2637,4680.0044
2638,4681.872
2639,4687.4473
2640,4696.6465
2641,4697.373
2642,4698.634
2643,4706.135
2644,4706.183
2645,4713.23
2646,4714.8325
2647,4715.157
2648,4715.5127
2649,4722.612
2650,4724.9004
2651,4732.491
2652,4734.866
2653,4737.607
2654,4741.0913
2655,4741.4985
2656,4743.664
2657,4745.4746
2658,4749.038
2659,4750.4014
2660,4754.5938
2661,4755.3335
2662,4759.758
2663,4760.3276
2664,4764.638
2665,4769.2803
2666,4771.6772
2667,4772.245
2668,4773.3403
2669,4774.963
2670,4783.1025
2671,4785.8584
2672,4785.9897
2673,4787.152
2674,4789.1665
2675,4794.2524
2676,4794.8696
2677,4796.4033
2678,4798.1543
2679,4801.4595
2680,4805.6587
2681,4806.3887
2682,4807.3374
2683,4807.7583
2684,4808.221
2685,4811.251
2686,4811.906
2687,4813.1963
2688,4819.5044
2689,4820.4585
2690,4826.4473
2691,4830.1416
2692,4832.0312
2693,4833.4
2694,4835.9077
2695,4845.2656
2696,4845.698
2697,4845.779
2698,4847.3877
2699,4849.718
2700,4850.388
2701,4854.055
2702,4855.381
2703,4863.052
2704,4863.1963
2705,4863.9136
2706,4869.8804
2707,4878.48
2708,4879.188
2709,4881.4155
2710,4890.626
2711,4893.3037
2712,4894.5957
2713,4900.175
2714,4903.1567
2715,4905.2417
2716,4911.15
2717,4912.4565
2718,4913.908
2719,4914.0625
2720,4914.859
2721,4919.4214
2722,4925.162
2723,4928.9404
2724,4932.0947
2725,4934.7007
2726,4939.305
2727,4939.659
2728,4939.777
2729,4944.631
2730,4945.472
2731,4950.3516
2732,4952.1895
2733,4953.7964
2734,4959.374
2735,4959.8467
2736,4962.5024
2737,4963.4463
2738,4963.517
2739,4965.7266
2740,4967.301
2741,4968.0586
2742,4969.5493
2743,4969.6743
2744,4970.0537
2745,4972.885
2746,4974.675
2747,4980.9053
2748,4983.769
2749,4984.704
2750,4985.5264
2751,4999.622
2752,5000.476
2753,5005.1216
2754,5008.27
2755,5008.543
2756,5021.37
2757,5022.544
2758,5022.927
2759,5023.99
2760,5024.584
2761,5024.9185
2762,5026.8086
2763,5029.6323
2764,5032.617
2765,5035.067
2766,5036.335
2767,5039.1597
2768,5040.7974
2769,5046.0864
2770,5046.575
2771,5053.5723
2772,5056.191
2773,5066.771
2774,5067.2427
2775,5069.1675
2776,5071.916
2777,5077.771
2778,5084.388
2779,5086.403
2780,5086.436
2781,5087.3535
2782,5091.641
2783,5099.018
2784,5107.1396
2785,5111.3657
2786,5115.392
2787,5117.422
2788,5119.2104
2789,5137.4995
2790,5142.7925
2791,5148.1914
2792,5153.2295
2793,5159.9336
2794,5160.7227
2795,5162.546
2796,5162.8994
2797,5164.282
2798,5169.0654
2799,5170.9043
2800,5172.535
2801,5173.5303
2802,5174.692
2803,5174.728
2804,5175.8022
2805,5176.0894
2806,5180.561
2807,5181.5894
2808,5185.671
2809,5188.5586
2810,5190.8555
2811,5192.9536
2812,5195.34
2813,5199.258
2814,5202.408
2815,5204.318
2816,5204.538
2817,5205.6807
2818,5205.898
2819,5208.1157
2820,5209.964
2821,5211.169
2822,5213.6626
2823,5213.945
2824,5215.281
2825,5217.614
2826,5222.062
2827,5224.668
2828,5233.0137
2829,5234.5825
2830,5239.216
2831,5239.5825
2832,5240.7827
2833,5241.5854
2834,5243.7144
2835,5248.6543
2836,5253.5806
2837,5254.7524
2838,5258.004
2839,5264.4546
2840,5273.7285
2841,5276.6123
2842,5276.729
2843,5282.659
2844,5285.1875
2845,5285.983
2846,5288.5137
2847,5288.9604
2848,5294.2124
2849,5301.3276
2850,5305
2851,5305.962
2852,5314.7236
2853,5334.976
2854,5343.655
2855,5344.0684
2856,5345.5874
2857,5351.657
2858,5352.4463
2859,5356.32
2860,5359.1987
2861,5361.901
2862,5362.651
2863,5365.1777
2864,5367.748
2865,5367.982
2866,5371.748
2867,5374.5225
2868,5382.4043
2869,5383.3486
2870,5384.1646
2871,5392.95
2872,5392.95
2873,5394.4014
2874,5402.7075
2875,5415.388
2876,5419.342
2877,5423.9243
2878,5429.863
2879,5431.2065
2880,5436.3315
2881,5441.843
2882,5444.1597
2883,5444.4795
2884,5445.377
2885,5450.9707
2886,5453.7793
2887,5454.658
2888,5456.92
2889,5460.741
2890,5466.6455
2891,5466.9194
2892,5470.732
2893,5471.2
2894,5472.6763
2895,5473.0425
2896,5474.346
2897,5477.5464
2898,5485.597
2899,5493.8887
2900,5498.654
2901,5502.8594
2902,5504.841
2903,5513.8013
2904,5514.1216
2905,5515.111
2906,5518.5522
2907,5520.3027
2908,5520.728
2909,5523.585
2910,5527.5654
2911,5529.0317
2912,5538.481
2913,5538.703
2914,5542.0845
2915,5550.4243
2916,5560.0854
2917,5563.419
2918,5575.9775
2919,5576.0073
2920,5577.7056
2921,5583.2056
2922,5585.137
2923,5586.389
2924,5592.172
2925,5594.7686
2926,5596.5835
2927,5598.0938
2928,5606.2314
2929,5609.4233
2930,5610.204
2931,5620.1367
2932,5622.846
2933,5625.351
2934,5629.401
2935,5630.8486
2936,5631.6274
2937,5632.1475
2938,5632.1606
2939,5633.446
2940,5635.6313
2941,5639.4644
2942,5641.0444
2943,5642.858
2944,5643.1865
2945,5646.132
2946,5646.5054
2947,5646.9907
2948,5652.2656
2949,5660.0493
2950,5661.521
2951,5664.1284
2952,5664.871
2953,5669.468
2954,5678.237
2955,5679.187
2956,5684.6553
2957,5689.539
2958,5689.9316
2959,5691.4116
2960,5694.96
2961,5695.926
2962,5698.3667
2963,5701.2114
2964,5705.256
2965,5706.097
2966,5706.559
2967,5706.795
2968,5706.945
2969,5707.596
2970,5707.757
2971,5713.7188
2972,5713.8926
2973,5718.091
2974,5722.868
2975,5726.132
2976,5730.9043
2977,5731.3447
2978,5734.1973
2979,5737.3633
2980,5742.1396
2981,5755.5464
2982,5760.0195
2983,5761.748
2984,5762.2495
2985,5765.4585
2986,5767.1997
2987,5767.2456
2988,5768.796
2989,5771.2427
2990,5781.653
2991,5782.8926
2992,5783.2646
2993,5784.26
2994,5785.919
2995,5786.9277
2996,5788.434
2997,5792.1084
2998,5798.01
2999,5800.344
3000,5802.1416
3001,5804.8994
3002,5810.674
3003,5814.7534
3004,5817.126
3005,5817.932
3006,5827.665
3007,5827.743
3008,5829.074
3009,5832.041
3010,5833.8296
3011,5842.5176
3012,5849.725
3013,5851.4243
3014,5852.7954
3015,5859.9897
3016,5869.9937
3017,5870.9585
3018,5874.3364
3019,5881.616
3020,5882.5327
3021,5887.9287
3022,5889.8574
3023,5891.6123
3024,5900.305
3025,5900.7935
3026,5903.1646
3027,5906.3687
3028,5909.4326
3029,5912.544
3030,5913.5923
3031,5916.4785
3032,5917.2983
3033,5928.7974
3034,5930.625
3035,5930.917
3036,5935.2354
3037,5938.3726
3038,5939.1895
3039,5939.5234
3040,5939.5415
3041,5940.3413
3042,5940.9336
3043,5942.918
3044,5943.1504
3045,5945.422
3046,5951.4526
3047,5951.4917
3048,5952.2734
3049,5954.029
3050,5957.74
3051,5960.993
3052,5961.955
3053,5962.2007
3054,5962.635
3055,5964.3213
3056,5966.1045
3057,5968.0483
3058,5970.788
3059,5971.3286
3060,5972.3447
3061,5983.4326
3062,5991.718
3063,5994.2646
3064,5998.0894
3065,5998.4844
3066,6004.1904
3067,6007.503
3068,6011.487
3069,6011.8887
3070,6012.055
3071,6012.3047
3072,6012.3467
3073,6014.1167
3074,6019.115
3075,6021.674
3076,6022.681
3077,6023.3804
3078,6031.4297
3079,6032.2637
3080,6036.6665
3081,6038.07
3082,6044.35
3083,6045.146
3084,6047.7363
3085,6056.933
3086,6058.2607
3087,6058.3096
3088,6060.277
3089,6071.498
3090,6072.7017
3091,6078.431
3092,6079.3994
3093,6081.122
3094,6081.168
3095,6084.391
3096,6087.164
3097,6089.2607
3098,6091.3335
3099,6094.343
3100,6094.354
3101,6106.3286
3102,6109.081
3103,6109.806
3104,6118.917
3105,6121.2256
3106,6122.9316
3107,6123.5913
3108,6125.5776
3109,6131.871
3110,6132.667
3111,6136.609
3112,6138.305
3113,6139.4897
3114,6140.199
3115,6141.744
3116,6141.851
3117,6146.6797
3118,6148.527
3119,6148.7505
3120,6154.5024
3121,6160.506
3122,6160.909
3123,6167.364
3124,6167.668
3125,6167.6914
3126,6173.4897
3127,6179.269
3128,6181.6704
3129,6183.4824
3130,6185.272
3131,6187.8447
3132,6188.8975
3133,6190.5054
3134,6191.4453
3135,6192.0054
3136,6197.195
3137,6201.5293
3138,6202.823
3139,6203.472
3140,6211.534
3141,6212.13
3142,6215.6553
3143,6217.636
3144,6219.2734
3145,6226.86
3146,6227.441
3147,6240.632
3148,6243.6646
3149,6247.988
3150,6251.317
3151,6251.543
3152,6253.2803
3153,6253.4336
3154,6258.3687
3155,6265.5938
3156,6268.3867
3157,6269.5156
3158,6273.292
3159,6274.2056
3160,6276.2607
3161,6277.043
3162,6277.4233
3163,6286.0825
3164,6289.3364
3165,6289.9087
3166,6292.273
3167,6294.586
3168,6295.6113
3169,6299.977
3170,6303.246
3171,6304.525
3172,6308.8003
3173,6310.223
3174,6311.0264
3175,6331.3853
3176,6335.8394
3177,6336
3178,6336.323
3179,6337.373
3180,6347.169
3181,6353.3506
3182,6365.0874
3183,6365.72
3184,6367.655
3185,6371.7217
3186,6372.563
3187,6374.092
3188,6376.7886
3189,6382.47
3190,6394.4697
3191,6397.7573
3192,6400.0293
3193,6408.5293
3194,6409.9634
3195,6410.14
3196,6411.569
3197,6419.22
3198,6423.0493
3199,6425.0107
3200,6429.599
3201,6437.22
3202,6437.469
3203,6438.843
3204,6442.5713
3205,6446.365
3206,6447.8115
3207,6448.471
3208,6448.9316
3209,6451.3696
3210,6454.262
3211,6455.029
3212,6456.9595
3213,6461.409
3214,6462.828
3215,6463.5757
3216,6472.31
3217,6472.3325
3218,6475.6553
3219,6480.163
3220,6483.924
3221,6497.6445
3222,6498.8477
3223,6499.5137
3224,6508.9014
3225,6510.9536
3226,6513.6953
3227,6515.28
3228,6521.814
3229,6529.303
3230,6532.5757
3231,6534.409
3232,6538.549
3233,6542.7407
3234,6546.3003
3235,6547.089
3236,6549.206
3237,6551.2812
3238,6551.492
3239,6551.5107
3240,6559.75
3241,6570.0913
3242,6575.0444
3243,6579.6978
3244,6587.0024
3245,6587.619
3246,6588.762
3247,6590.5435
3248,6590.889
3249,6591.923
3250,6594.6045
3251,6603.7056
3252,6605.0195
3253,6605.953
3254,6606.8223
3255,6607.8296
3256,6609.051
3257,6610.43
3258,6624.0244
3259,6627.509
3260,6629.775
3261,6644.233
3262,6649.197
3263,6650.3506
3264,6652.1436
3265,6652.724
3266,6654.7207
3267,6658.05
3268,6660.036
3269,6662.384
3270,6664.3477
3271,6665.554
3272,6665.6836
3273,6668.143
3274,6668.472
3275,6677.124
3276,6679.227
3277,6681.5615
3278,6686.2593
3279,6693.8174
3280,6695.1157
3281,6696.3184
3282,6699.053
3283,6709.9624
3284,6713.264
3285,6714.0913
3286,6718.586
3287,6726.6426
3288,6731.016
3289,6738.227
3290,6738.906
3291,6750.223
3292,6752.294
3293,6756.8696
3294,6769.793
3295,6775.682
3296,6776.0107
3297,6782.348
3298,6786.9775
3299,6788.8755
3300,6800.5215
3301,6803.23
3302,6804.227
3303,6805.292
3304,6810.168
3305,6822.468
3306,6823.8
3307,6826.477
3308,6827.9297
3309,6830.401
3310,6830.9424
3311,6833.8945
3312,6834.5396
3313,6834.8853
3314,6837.469
3315,6842.272
3316,6846.4736
3317,6849.3784
3318,6851.066
3319,6858.4897
3320,6873.0537
3321,6873.7666
3322,6878.327
3323,6880.2373
3324,6883.698
3325,6892.4604
3326,6894.2363
3327,6896.9004
3328,6898.653
3329,6907.6987
3330,6907.711
3331,6909.2817
3332,6944.8237
3333,6945.726
3334,6957.7153
3335,6959.0894
3336,6962.544
3337,6972.2915
3338,6980.8145
3339,6981.1855
3340,6983.8164
3341,6989.424
3342,6993.9277
3343,6995.377
3344,6996.6914
3345,7005.097
3346,7006.4746
3347,7010.617
3348,7024.7617
3349,7030.622
3350,7034.7114
3351,7037.0054
3352,7038.1294
3353,7039.173
3354,7043.0283
3355,7044.071
3356,7049.704
3357,7049.894
3358,7059.6113
3359,7064.9663
3360,7068.81
3361,7069.32
3362,7072.9185
3363,7078.2437
3364,7086.4546
3365,7087.779
3366,7091.2715
3367,7093.1377
3368,7094.2993
3369,7096.3594
3370,7096.952
3371,7099.477
3372,7100.0938
3373,7100.963
3374,7107.523
3375,7109.652
3376,7109.719
3377,7125.568
3378,7128.702
3379,7137.5347
3380,7143.852
3381,7146.315
3382,7146.3594
3383,7150.988
3384,7151.8066
3385,7153.904
3386,7159.5293
3387,7164.698
3388,7166.019
3389,7167.057
3390,7167.762
3391,7172.4023
3392,7172.609
3393,7179.055
3394,7184.171
3395,7186.5347
3396,7187.7764
3397,7188.1304
3398,7188.1816
3399,7191.962
3400,7192.6206
3401,7193.7505